카메라대수,카메라화소수,촬영방면정보,보관일수,설치년월,관리기관전화번호,위도,경도,데이터기준일자,제공기관코드,제공기관명
1,,청은환타지아 북측 4가,30,,064-710-8855,33.5132891,126.5300275,2018-04-30,6500000,제주특별자치도
1,,건입동사무소 동측,30,,064-710-8855,33.5148025,126.5297727,2018-04-30,6500000,제주특별자치도
1,,기상청 동측4가,30,,064-710-8855,33.5146815,126.5309716,2018-04-30,6500000,제주특별자치도
1,,우일빌라앞,30,,064-710-8855,33.5160093,126.5332395,2018-04-30,6500000,제주특별자치도
1,,탑고향 흑돼지촌 앞,30,,064-710-8855,33.516059,126.5268679,2018-04-30,6500000,제주특별자치도
1,,조랑말과 흑돼지앞,30,,064-710-8855,33.4866853,126.485384,2018-04-30,6500000,제주특별자치도
1,,이화아파트입구 4가,30,,064-710-8855,33.4849608,126.4740081,2018-04-30,6500000,제주특별자치도
1,,서울호텔 뒤,30,,064-710-8855,33.5162139,126.5238341,2018-04-30,6500000,제주특별자치도
1,,탑동컴퓨터세탁소앞,30,,064-710-8855,33.5163035,126.5233281,2018-04-30,6500000,제주특별자치도
1,,제원아파트서측 공원앞,30,,064-710-8855,33.4886232,126.4931866,2018-04-30,6500000,제주특별자치도
1,,부산할매아구찜 앞4가,30,,064-710-8855,33.4886232,126.4931866,2018-04-30,6500000,제주특별자치도
1,,바오젠거리,30,,064-710-8855,33.4887754,126.4910255,2018-04-30,6500000,제주특별자치도
1,,투다리 연동점,30,,064-710-8855,33.485387,126.4921129,2018-04-30,6500000,제주특별자치도
1,,대한항공사원주택서측,30,,064-710-8855,33.4880041,126.4952147,2018-04-30,6500000,제주특별자치도
1,,해봉이네 동태탕,30,,064-710-8855,33.4885315,126.4957296,2018-04-30,6500000,제주특별자치도
1,,한라수산앞,30,,064-710-8855,33.4886077,126.4854054,2018-04-30,6500000,제주특별자치도
1,,용담이동 616,30,,064-710-8855,33.5107211,126.5091798,2018-04-30,6500000,제주특별자치도
1,,영보맨션4가,30,,064-710-8855,33.510499,126.5061604,2018-04-30,6500000,제주특별자치도
1,,중앙성당 4가,30,,064-710-8855,33.511254,126.5234106,2018-04-30,6500000,제주특별자치도
1,,남안아파트앞,30,,064-710-8855,33.5116336,126.5287984,2018-04-30,6500000,제주특별자치도
1,,열린새마을금고앞,30,,064-710-8855,33.5138087,126.5258804,2018-04-30,6500000,제주특별자치도
1,,고은손톱 남쪽,30,,064-710-8855,33.247167,126.5510603,2018-04-30,6500000,제주특별자치도
1,,대청마루 서쪽,30,,064-710-8855,33.2475149,126.5644785,2018-04-30,6500000,제주특별자치도
1,,세영슈퍼 앞,30,,064-710-8855,33.2511669,126.5645991,2018-04-30,6500000,제주특별자치도
1,,매일올레시장 어린이놀이터,30,,064-710-8855,33.2501708,126.5636786,2018-04-30,6500000,제주특별자치도
1,,신라미용실앞 5가,30,,064-710-8855,33.2509865,126.5624044,2018-04-30,6500000,제주특별자치도
1,,구 명보극장 사거리,30,,064-710-8855,33.2479885,126.5623549,2018-04-30,6500000,제주특별자치도
1,,유진카페 앞,30,,064-710-8855,33.2501298,126.5609119,2018-04-30,6500000,제주특별자치도
1,,동아리노래연습장,30,,064-710-8855,33.2488123,126.5611202,2018-04-30,6500000,제주특별자치도
1,,동언식당앞,30,,064-710-8855,33.2489004,126.5594598,2018-04-30,6500000,제주특별자치도
1,,한림리1314,30,,064-710-8855,33.4174928,126.2637931,2018-04-30,6500000,제주특별자치도
1,,CU한림중앙점,30,,064-710-8855,33.4127136,126.2650707,2018-04-30,6500000,제주특별자치도
2,,강정동 좀당 4가로,30,,064-710-8855,33.235938,126.5058174,2018-04-30,6500000,제주특별자치도
2,,탐라대 입구 삼거리,30,,064-710-8855,33.2637959,126.4603995,2018-04-30,6500000,제주특별자치도
2,,쇠소깍 입구 삼가로,30,,064-710-8855,33.2524619,126.6171313,2018-04-30,6500000,제주특별자치도
4,,신흥2리 오거리(1576-3),30,,064-710-8855,33.3169509,126.7446243,2018-04-30,6500000,제주특별자치도
3,,한남교차로,30,,064-710-8855,33.3191057,126.6879847,2018-04-30,6500000,제주특별자치도
2,,보성리사무소,30,,064-710-8855,33.2513631,126.2741264,2018-04-30,6500000,제주특별자치도
2,,남주고등학교 입구,30,,064-710-8855,33.2698269,126.569319,2018-04-30,6500000,제주특별자치도
3,,신산중학교 동북쪽 삼거리(1001-2),30,,064-710-8855,33.3834274,126.8754339,2018-04-30,6500000,제주특별자치도
4,,서광 소인국테마마크 앞,30,,064-710-8855,33.2888723,126.3228581,2018-04-30,6500000,제주특별자치도
3,,정석비행장 입구 사거리(가시리 2520-1),30,,064-710-8855,33.3609144,126.7668855,2018-04-30,6500000,제주특별자치도
4,,조천읍 신촌리,30,,064-710-8855,33.5177502,126.6199295,2018-04-30,6500000,제주특별자치도
3,,한경면 산양리(무릉2리교차로),30,,064-710-8855,33.2739934,126.2444751,2018-04-30,6500000,제주특별자치도
3,,금악삼거리,30,,064-710-8855,33.3460907,126.3149472,2018-04-30,6500000,제주특별자치도
3,,산록도로 전망대,30,,064-710-8855,33.2918646,126.5565136,2018-04-30,6500000,제주특별자치도
3,,하례입구교차로,30,,064-710-8855,33.299995,126.6297939,2018-04-30,6500000,제주특별자치도
2,,사계리 대정향교 입구,30,,064-710-8855,33.2393558,126.2861951,2018-04-30,6500000,제주특별자치도
3,,하례리 양마단지 입구 학림교 동측,30,,064-710-8855,33.3007354,126.6028168,2018-04-30,6500000,제주특별자치도
3,,하례리 서성로입구 삼거리 동측,30,,064-710-8855,33.2598577,126.6392683,2018-04-30,6500000,제주특별자치도
3,,수망사거리 서측,30,,064-710-8855,33.3363905,126.6936269,2018-04-30,6500000,제주특별자치도
3,,수망사거리 북측,30,,064-710-8855,33.3485472,126.6997406,2018-04-30,6500000,제주특별자치도
3,,고수동 입구,30,,064-710-8855,33.3223141,126.7574802,2018-04-30,6500000,제주특별자치도
3,,신흥리 일주동로 대호편의점앞(토산방향),30,,064-710-8855,33.3065758,126.774871,2018-04-30,6500000,제주특별자치도
3,,가시리사거리방향,30,,064-710-8855,33.3602924,126.7656286,2018-04-30,6500000,제주특별자치도
3,,토산1리 토산세화로방향,30,,064-710-8855,33.3287708,126.7700924,2018-04-30,6500000,제주특별자치도
3,,세화로 154번지 도로변,30,,064-710-8855,33.3177401,126.7906443,2018-04-30,6500000,제주특별자치도
4,,수산리 삼거리,30,,064-710-8855,33.449011,126.8801155,2018-04-30,6500000,제주특별자치도
5,,수산사거리,30,,064-710-8855,33.443497,126.8842613,2018-04-30,6500000,제주특별자치도
4,,예래동체육공원 앞,30,,064-710-8855,33.2458255,126.3817257,2018-04-30,6500000,제주특별자치도
0,,세난질라 사거리,30,,064-710-8855,33.2547748,126.3229649,2018-04-30,6500000,제주특별자치도
5,,산방산(사계리),30,,064-710-8855,33.236066,126.2977867,2018-04-30,6500000,제주특별자치도
4,,자동차박물관,30,,064-710-8855,33.2818002,126.3539952,2018-04-30,6500000,제주특별자치도
2,,성일레미콘앞,30,,064-710-8855,33.2761431,126.333647,2018-04-30,6500000,제주특별자치도
2,,우성아파트(일도동),30,,064-710-8855,33.5056318,126.5537547,2018-04-30,6500000,제주특별자치도
2,,우성아파트(일도동),30,,064-710-8855,33.5056318,126.5537547,2018-04-30,6500000,제주특별자치도
4,,아라초등학교,30,,064-710-8855,33.4767254,126.5437275,2018-04-30,6500000,제주특별자치도
2,,관음사(제1산록도로입구 3가),30,,064-710-8855,33.4814162,126.4971265,2018-04-30,6500000,제주특별자치도
4,,거북이주유소(오라동),30,,064-710-8855,33.4995673,126.5037494,2018-04-30,6500000,제주특별자치도
5,,구엄리,30,,064-710-8855,33.4765671,126.3829222,2018-04-30,6500000,제주특별자치도
4,,무수천4가(평화로),30,,064-710-8855,33.4602029,126.4467148,2018-04-30,6500000,제주특별자치도
2,,통물식당(조천우회도로),30,,064-710-8855,33.5341109,126.6415109,2018-04-30,6500000,제주특별자치도
3,,토평사거리(5.16진입로),30,,064-710-8855,33.2844099,126.5796743,2018-04-30,6500000,제주특별자치도
3,,회수마을입구,30,,064-710-8855,33.2514303,126.4348243,2018-04-30,6500000,제주특별자치도
3,,오조리숯불갈비,30,,064-710-8855,33.4677397,126.9069123,2018-04-30,6500000,제주특별자치도
3,,덕수교차로,30,,064-710-8855,33.2506417,126.3044583,2018-04-30,6500000,제주특별자치도
2,,성읍민속마을입구,30,,064-710-8855,33.393771,126.7962403,2018-04-30,6500000,제주특별자치도
4,,JIBS맞은편,30,,064-710-8855,33.492998,126.5044564,2018-04-30,6500000,제주특별자치도
3,,이호해수욕장일주도로,30,,064-710-8855,33.4947944,126.452955,2018-04-30,6500000,제주특별자치도
3,,비석거리동측(서귀냉동앞),30,,064-710-8855,33.2563531,126.5825268,2018-04-30,6500000,제주특별자치도
3,,평화로 2산록도로(광평) 입구,30,,064-710-8855,33.3294189,126.3567077,2018-04-30,6500000,제주특별자치도
4,,영지학교,30,,064-710-8855,33.4887627,126.525768,2018-04-30,6500000,제주특별자치도
3,,대흘수자원,30,,064-710-8855,33.4986023,126.6527593,2018-04-30,6500000,제주특별자치도
4,,대흘사거리(검문소.남조로진입로),30,,064-710-8855,33.4695407,126.6599328,2018-04-30,6500000,제주특별자치도
3,,뉴월드골프타운(강정),30,,064-710-8855,33.2612121,126.5078062,2018-04-30,6500000,제주특별자치도
2,,무릉리(인향동입구),30,,064-710-8855,33.2729995,126.2449575,2018-04-30,6500000,제주특별자치도
3,,안성교차로,30,,064-710-8855,33.2493235,126.2821141,2018-04-30,6500000,제주특별자치도
5,,중앙교회 입구,30,,064-710-8855,33.2467496,126.5659838,2018-04-30,6500000,제주특별자치도
4,,중앙교회 후문,30,,064-710-8855,33.2467496,126.5659838,2018-04-30,6500000,제주특별자치도
4,,중앙교회 후문 골목,30,,064-710-8855,33.2467496,126.5659838,2018-04-30,6500000,제주특별자치도
3,,건입동사무소 1(현대아파트후문 동측),30,,064-710-8855,33.507841,126.5544024,2018-04-30,6500000,제주특별자치도
2,,건입동사무소 2(현대아파트 후문 북측),30,,064-710-8855,33.507841,126.5544024,2018-04-30,6500000,제주특별자치도
3,,제주향보쌈 앞(노형동),30,,064-710-8855,33.483098,126.4772312,2018-04-30,6500000,제주특별자치도
4,,태을갈비 앞(노형동),30,,064-710-8855,33.483098,126.4772312,2018-04-30,6500000,제주특별자치도
3,,한스델리 동측(노형동),30,,064-710-8855,33.4771889,126.4742632,2018-04-30,6500000,제주특별자치도
1,,사임당어린이집 앞 삼거리,30,,064-710-8855,33.4895045,126.511576,2018-04-30,6500000,제주특별자치도
1,,연삼로길(기아자동차 맞은편),30,,064-710-8855,33.4924679,126.511195,2018-04-30,6500000,제주특별자치도
1,,오라초 북동쪽(클린하우스),30,,064-710-8855,33.4222282,126.519245,2018-04-30,6500000,제주특별자치도
4,,세화1리 보건소입구,30,,064-710-8855,33.3318153,126.7980386,2018-04-30,6500000,제주특별자치도
2,,오라5거리진입로(크로바어린이집서측),30,,064-710-8855,33.4987516,126.5064613,2018-04-30,6500000,제주특별자치도
4,,용담로터리 서쪽,30,,064-710-8855,33.5113829,126.5179733,2018-04-30,6500000,제주특별자치도
3,,서문교회 서북쪽(예솔어린이집),30,,064-710-8855,33.5066873,126.5072378,2018-04-30,6500000,제주특별자치도
1,,보성시장입구 맞은편골목 광명여인숙 4거리,30,,064-710-8855,33.5025177,126.5274934,2018-04-30,6500000,제주특별자치도
3,,신산공원입구(국일건재쪽) 주차장,30,,064-710-8855,33.5050697,126.5310339,2018-04-30,6500000,제주특별자치도
1,,오현단 제주성지삼거리(다리건너기전),30,,064-710-8855,33.510035,126.5266655,2018-04-30,6500000,제주특별자치도
1,,오현길 병풍거리 아빠마트 4거리,30,,064-710-8855,33.5084285,126.526372,2018-04-30,6500000,제주특별자치도
1,,시민회관 앞 4거리,30,,064-710-8855,33.5084457,126.5254644,2018-04-30,6500000,제주특별자치도
5,,광양 태홍누리안2차아파트 4거리,30,,064-710-8855,33.5044853,126.5311706,2018-04-30,6500000,제주특별자치도
6,,학사로 고전떡볶이 5거리,30,,064-710-8855,33.4978014,126.5295612,2018-04-30,6500000,제주특별자치도
5,,신산시장아파트사거리(그린마트),30,,064-710-8855,33.5105404,126.542475,2018-04-30,6500000,제주특별자치도
0,,표선해비치해변,30,,064-710-8855,33.326494,126.831638,2018-04-30,6500000,제주특별자치도
5,,안성리치빌 사거리(삼춘네포차),30,,064-710-8855,33.496628,126.5374135,2018-04-30,6500000,제주특별자치도
4,,동백원룸 삼거리,30,,064-710-8855,33.4962654,126.5383848,2018-04-30,6500000,제주특별자치도
2,,도남 보덕사 북측(원당봉해장국 앞),30,,064-710-8855,33.4922878,126.5324474,2018-04-30,6500000,제주특별자치도
5,,만수탕4거리,30,,064-710-8855,33.5075961,126.5296093,2018-04-30,6500000,제주특별자치도
5,,생생반점4거리,30,,064-710-8855,33.511026,126.5380914,2018-04-30,6500000,제주특별자치도
2,,모이세해장국(삼도2동 북측),30,,064-710-8855,33.5120825,126.5222794,2018-04-30,6500000,제주특별자치도
2,,삼도제주보쌈 동측,30,,064-710-8855,33.5059615,126.5233865,2018-04-30,6500000,제주특별자치도
3,,예솔어린이집,30,,064-710-8855,33.5077546,126.5057868,2018-04-30,6500000,제주특별자치도
5,,해동웅이네식당입구 사거리(북촌리),30,,064-710-8855,33.5485184,126.684776,2018-04-30,6500000,제주특별자치도
4,,북촌초 후문 삼거리(북촌리),30,,064-710-8855,33.5492227,126.6923287,2018-04-30,6500000,제주특별자치도
4,,한사동입구 남쪽(북촌리),30,,064-710-8855,33.5471418,126.6986252,2018-04-30,6500000,제주특별자치도
3,,양천하동버스정류소(조천리),30,,064-710-8855,33.5165812,126.6467629,2018-04-30,6500000,제주특별자치도
4,,신산종합시장 삼거리,30,,064-710-8855,33.5054021,126.541614,2018-04-30,6500000,제주특별자치도
5,,민지네해장국 사거리,30,,064-710-8855,33.508601,126.542859,2018-04-30,6500000,제주특별자치도
4,,조마루감자탕 삼거리,30,,064-710-8855,33.5028762,126.5433263,2018-04-30,6500000,제주특별자치도
5,,올챙이어린이집 북측 이면도로,30,,064-710-8855,33.5109949,126.5353873,2018-04-30,6500000,제주특별자치도
5,,한림초 후문,30,,064-710-8855,33.4104503,126.2630205,2018-04-30,6500000,제주특별자치도
7,,한림읍사무소앞,30,,064-710-8855,33.410104,126.2670984,2018-04-30,6500000,제주특별자치도
5,,한림체육관 입구,30,,064-710-8855,33.4089702,126.2684786,2018-04-30,6500000,제주특별자치도
5,,한림종합운동장후문 입구,30,,064-710-8855,33.406728,126.2674353,2018-04-30,6500000,제주특별자치도
4,,정원원룸 남서측,30,,064-710-8855,33.510538,126.5133007,2018-04-30,6500000,제주특별자치도
5,,벽오동인근,30,,064-710-8855,33.4987805,126.5290751,2018-04-30,6500000,제주특별자치도
5,,시청정류소인근,30,,064-710-8855,33.4989293,126.5307492,2018-04-30,6500000,제주특별자치도
5,,학생문화원 서측,30,,064-710-8855,33.5007234,126.5410454,2018-04-30,6500000,제주특별자치도
4,,명신마을복지회관앞,30,,064-710-8855,33.500025,126.5009663,2018-04-30,6500000,제주특별자치도
5,,진영마트앞,30,,064-710-8855,33.5128997,126.5069727,2018-04-30,6500000,제주특별자치도
3,,용문사거리앞,30,,064-710-8855,33.5082641,126.5096847,2018-04-30,6500000,제주특별자치도
5,,용해로.용화로교차로(괸당네농수산앞),30,,064-710-8855,33.5098266,126.5033404,2018-04-30,6500000,제주특별자치도
8,,서중지하보도,30,,064-710-8855,33.4938443,126.4801744,2018-04-30,6500000,제주특별자치도
5,,일도2동-태원갈비,30,,064-710-8855,33.5098311,126.5011464,2018-04-30,6500000,제주특별자치도
5,,성환사라봉 아파트,30,,064-710-8855,33.5098311,126.5011464,2018-04-30,6500000,제주특별자치도
6,,복지회관앞 놀이터,30,,064-710-8855,33.5098311,126.5011464,2018-04-30,6500000,제주특별자치도
5,,성환사라봉 아파트,30,,064-710-8855,33.5098311,126.5011464,2018-04-30,6500000,제주특별자치도
7,,서귀포월드컵경기장,30,,064-710-8855,33.2472388,126.5092079,2018-04-30,6500000,제주특별자치도
7,,목관아지(내부),30,,064-710-8855,33.5144606,126.5230182,2018-04-30,6500000,제주특별자치도
9,,삼양선사유적지,30,,064-710-8855,33.5236286,126.5881806,2018-04-30,6500000,제주특별자치도
9,,항목유적지,30,,064-710-8855,33.4471389,126.4142746,2018-04-30,6500000,제주특별자치도
6,,동문시장,30,,064-710-8855,33.5135064,126.5282878,2018-04-30,6500000,제주특별자치도
7,,한림오일시장,30,,064-710-8855,33.4201519,126.2742341,2018-04-30,6500000,제주특별자치도
16,,서문시장,30,,064-710-8855,33.5095955,126.5137552,2018-04-30,6500000,제주특별자치도
10,,제주오일시장,30,,064-710-8855,33.4966201,126.4738154,2018-04-30,6500000,제주특별자치도
1,,한림매일시장,30,,064-710-8855,33.4167889,126.2647102,2018-04-30,6500000,제주특별자치도
22,,매일올레시장,30,,064-710-8855,33.2474794,126.5716501,2018-04-30,6500000,제주특별자치도
6,,고성오일시장내,30,,064-710-8855,33.4516959,126.9131348,2018-04-30,6500000,제주특별자치도
4,,관덕정(외부),30,,064-710-8855,33.5144606,126.5230182,2018-04-30,6500000,제주특별자치도
10,,대정오일시장(모슬포오일시장),30,,064-710-8855,33.220516,126.2483125,2018-04-30,6500000,제주특별자치도
4,,폴리텍대학 입구,30,,064-710-8855,33.4485958,126.5598236,2018-04-30,6500000,제주특별자치도
4,,영평상동복지회관 입구,30,,064-710-8855,33.476555,126.5682551,2018-04-30,6500000,제주특별자치도
4,,중앙여고 서측 후문,30,,064-710-8855,33.4912491,126.5403833,2018-04-30,6500000,제주특별자치도
4,,이도2동사무소 남측,30,,064-710-8855,33.496974,126.5360173,2018-04-30,6500000,제주특별자치도
4,,아람가든 인근,30,,064-710-8855,33.495332,126.5315825,2018-04-30,6500000,제주특별자치도
5,,명진자동차공업사 인근,30,,064-710-8855,33.4982592,126.5318656,2018-04-30,6500000,제주특별자치도
5,,제광교회옆 복개천,30,,064-710-8855,33.4984909,126.5276133,2018-04-30,6500000,제주특별자치도
4,,동남1차아파트 입구,30,,064-710-8855,33.5067081,126.5454995,2018-04-30,6500000,제주특별자치도
4,,대유대림아파트 입구,30,,064-710-8855,33.5021801,126.5516297,2018-04-30,6500000,제주특별자치도
5,,드림로드빌라 앞,30,,064-710-8855,33.5009906,126.5179847,2018-04-30,6500000,제주특별자치도
5,,뉴그린슈퍼 앞,30,,064-710-8855,33.5052925,126.5165952,2018-04-30,6500000,제주특별자치도
5,,르네상스호텔 앞,30,,064-710-8855,33.5050352,126.5178416,2018-04-30,6500000,제주특별자치도
5,,애향운동장 명동칼국수 앞,30,,064-710-8855,33.493807,126.5147499,2018-04-30,6500000,제주특별자치도
4,,큰숲어린이집 삼거리,30,,064-710-8855,33.4713123,126.4650497,2018-04-30,6500000,제주특별자치도
4,,제대마을 입구,30,,064-710-8855,33.4566209,126.5543324,2018-04-30,6500000,제주특별자치도
5,,밀레니엄아파트 뒤편,30,,064-710-8855,33.5123135,126.521465,2018-04-30,6500000,제주특별자치도
5,,무근성경로당 인근,30,,064-710-8855,33.5147344,126.5187665,2018-04-30,6500000,제주특별자치도
5,,꼬꼬마어린이집 앞,30,,064-710-8855,33.5091317,126.5146636,2018-04-30,6500000,제주특별자치도
5,,다모아마트 앞,30,,064-710-8855,33.5128922,126.5130161,2018-04-30,6500000,제주특별자치도
5,,헤르지아아파트사거리,30,,064-710-8855,33.5101179,126.5041652,2018-04-30,6500000,제주특별자치도
5,,용문마을,30,,064-710-8855,33.5078275,126.5077216,2018-04-30,6500000,제주특별자치도
4,,공영주차장 앞,30,,064-710-8855,33.4894381,126.491028,2018-04-30,6500000,제주특별자치도
5,,장수물식당앞 공원,30,,064-710-8855,33.4921297,126.4989299,2018-04-30,6500000,제주특별자치도
5,,중앙중 북측,30,,064-710-8855,33.4866325,126.5021095,2018-04-30,6500000,제주특별자치도
5,,제주도청 후문 사거리,30,,064-710-8855,33.4879842,126.4986302,2018-04-30,6500000,제주특별자치도
4,,신우수산 옆,30,,064-710-8855,33.4770468,126.4907189,2018-04-30,6500000,제주특별자치도
4,,리츠칼투어 앞,30,,064-710-8855,33.4777011,126.4881794,2018-04-30,6500000,제주특별자치도
4,,메르헨하우스 옆,30,,064-710-8855,33.4822044,126.4863313,2018-04-30,6500000,제주특별자치도
4,,원디자인건축앞,30,,064-710-8855,33.2723845,126.5900537,2018-04-30,6500000,제주특별자치도
4,,삼성여고앞,30,,064-710-8855,33.2844099,126.5796743,2018-04-30,6500000,제주특별자치도
5,,토평동다목적회관앞,30,,064-710-8855,33.2698671,126.5896445,2018-04-30,6500000,제주특별자치도
5,,서홍사거리,30,,064-710-8855,33.2638506,126.558431,2018-04-30,6500000,제주특별자치도
5,,동홍주공4단지입구,30,,064-710-8855,33.2484903,126.5722163,2018-04-30,6500000,제주특별자치도
5,,대호동홍아파트사거리,30,,064-710-8855,33.2566687,126.5698544,2018-04-30,6500000,제주특별자치도
5,,우성빌라앞사거리,30,,064-710-8855,33.2564882,126.5658524,2018-04-30,6500000,제주특별자치도
4,,조방칼국수옆,30,,064-710-8855,33.2498932,126.5645427,2018-04-30,6500000,제주특별자치도
5,,서귀포대정식당앞,30,,064-710-8855,33.2521766,126.5599115,2018-04-30,6500000,제주특별자치도
4,,야한주방 앞,30,,064-710-8855,33.2412042,126.5616343,2018-04-30,6500000,제주특별자치도
5,,마이호텔앞,30,,064-710-8855,33.2408733,126.5631225,2018-04-30,6500000,제주특별자치도
5,,아리스호텔옆사거리,30,,064-710-8855,33.2431554,126.5647655,2018-04-30,6500000,제주특별자치도
5,,대림빌라옆,30,,064-710-8855,33.2460867,126.5696384,2018-04-30,6500000,제주특별자치도
4,,우생당뒷골목,30,,064-710-8855,33.2478074,126.564507,2018-04-30,6500000,제주특별자치도
4,,행복예감입구,30,,064-710-8855,33.247447,126.5678146,2018-04-30,6500000,제주특별자치도
5,,새마을금고 앞,30,,064-710-8855,33.2511482,126.5109453,2018-04-30,6500000,제주특별자치도
5,,돌아온놀부네 사거리,30,,064-710-8855,33.2527851,126.5119659,2018-04-30,6500000,제주특별자치도
5,,유진철물공구 앞,30,,064-710-8855,33.2613306,126.5296348,2018-04-30,6500000,제주특별자치도
4,,부영사랑으로 동측,30,,064-710-8855,33.2784399,126.5169922,2018-04-30,6500000,제주특별자치도
4,,서귀여고 앞,30,,064-710-8855,33.2434037,126.5335756,2018-04-30,6500000,제주특별자치도
4,,엉또다리 인근,30,,064-710-8855,33.2673492,126.4970261,2018-04-30,6500000,제주특별자치도
5,,강정제1호공원 인근,30,,064-710-8855,33.2615636,126.49447,2018-04-30,6500000,제주특별자치도
4,,문화2공원인근,30,,064-710-8855,33.2615636,126.49447,2018-04-30,6500000,제주특별자치도
5,,농협앞,30,,064-710-8855,33.2372166,126.5125205,2018-04-30,6500000,제주특별자치도
4,,제2회수교 입구,30,,064-710-8855,33.2611288,126.4530404,2018-04-30,6500000,제주특별자치도
4,,색달입구교차로,30,,064-710-8855,33.2583304,126.4040468,2018-04-30,6500000,제주특별자치도
4,,대포마을복지회관옆,30,,064-710-8855,33.2425608,126.4321814,2018-04-30,6500000,제주특별자치도
5,,회수입구교차로,30,,064-710-8855,33.2556562,126.4348921,2018-04-30,6500000,제주특별자치도
5,,회수사거리,30,,064-710-8855,33.2631586,126.4436829,2018-04-30,6500000,제주특별자치도
4,,정도시락 서측,30,,064-710-8855,33.5126134,126.5426615,2018-04-30,6500000,제주특별자치도
5,,한진수학학원앞,30,,064-710-8855,33.5078035,126.5456544,2018-04-30,6500000,제주특별자치도
4,,화남경로당 앞,30,,064-710-8855,33.5117173,126.5606277,2018-04-30,6500000,제주특별자치도
5,,분선동사거리,30,,064-710-8855,33.5379253,126.6395241,2018-04-30,6500000,제주특별자치도
3,,한동초교뒤,30,,064-710-8855,33.5384317,126.8301956,2018-04-30,6500000,제주특별자치도
5,,오조리사거리,30,,064-710-8855,33.4622852,126.9108448,2018-04-30,6500000,제주특별자치도
4,,수산초교입구서측,30,,064-710-8855,33.4496245,126.8874784,2018-04-30,6500000,제주특별자치도
4,,용눈이팬션앞,30,,064-710-8855,33.4469109,126.8874087,2018-04-30,6500000,제주특별자치도
5,,생태체험센터앞,30,,064-710-8855,33.4388548,126.8626456,2018-04-30,6500000,제주특별자치도
5,,난산사거리,30,,064-710-8855,33.4027714,126.8648822,2018-04-30,6500000,제주특별자치도
5,,신풍리민관앞,30,,064-710-8855,33.3609638,126.8357809,2018-04-30,6500000,제주특별자치도
4,,해녀의집옆,30,,064-710-8855,33.3758473,126.8762171,2018-04-30,6500000,제주특별자치도
3,,한마음초동쪽,30,,064-710-8855,33.3537598,126.8198419,2018-04-30,6500000,제주특별자치도
4,,썬마트앞,30,,064-710-8855,33.3225332,126.8228665,2018-04-30,6500000,제주특별자치도
4,,정환빌라앞,30,,064-710-8855,33.3242649,126.8347623,2018-04-30,6500000,제주특별자치도
4,,로드카페서측,30,,064-710-8855,33.2752746,126.6943436,2018-04-30,6500000,제주특별자치도
5,,제주산지유통센터북측,30,,064-710-8855,33.2704684,126.6235879,2018-04-30,6500000,제주특별자치도
5,,농산물관리원서귀사무소입구,30,,064-710-8855,33.267062,126.6139154,2018-04-30,6500000,제주특별자치도
4,,신효미용실앞,30,,064-710-8855,33.2638048,126.6141106,2018-04-30,6500000,제주특별자치도
4,,대신조립식건축앞 삼거리,30,,064-710-8855,33.2700002,126.6131809,2018-04-30,6500000,제주특별자치도
5,,신제주성당북측,30,,064-710-8855,33.4927602,126.4926479,2018-04-30,6500000,제주특별자치도
4,,45호어린이공원,30,,064-710-8855,33.4922346,126.486585,2018-04-30,6500000,제주특별자치도
5,,낙지로 앞,30,,064-710-8855,33.4888428,126.494786,2018-04-30,6500000,제주특별자치도
4,,국민연립 동측,30,,064-710-8855,33.4771889,126.4742632,2018-04-30,6500000,제주특별자치도
5,,근린공원 입구,30,,064-710-8855,33.4817774,126.4142009,2018-04-30,6500000,제주특별자치도
4,,보로미마을 복지회관 옆,30,,064-710-8855,33.4657529,126.4097405,2018-04-30,6500000,제주특별자치도
4,,길하우스 삼거리,30,,064-710-8855,33.4547019,126.4403446,2018-04-30,6500000,제주특별자치도
4,,두인빌리지 삼거리,30,,064-710-8855,33.4242126,126.4043937,2018-04-30,6500000,제주특별자치도
5,,소길교차로_면허시험장입구,30,,064-710-8855,33.4059987,126.3878192,2018-04-30,6500000,제주특별자치도
4,,감귤선과장삼거리,30,,064-710-8855,33.4159948,126.3329542,2018-04-30,6500000,제주특별자치도
4,,다락쉼터 공중화장실앞,30,,064-710-8855,33.4699842,126.3403826,2018-04-30,6500000,제주특별자치도
4,,제주하늘푸른바다펜션,30,,064-710-8855,33.4622909,126.3125751,2018-04-30,6500000,제주특별자치도
5,,영신아파트사거리,30,,064-710-8855,33.4108734,126.2638378,2018-04-30,6500000,제주특별자치도
5,,보건소삼거리,30,,064-710-8855,33.4119244,126.2685952,2018-04-30,6500000,제주특별자치도
5,,대호베리골아파트사거리,30,,064-710-8855,33.4140301,126.2691565,2018-04-30,6500000,제주특별자치도
4,,한수리사무소,30,,064-710-8855,33.4208672,126.2637948,2018-04-30,6500000,제주특별자치도
5,,월령리사무소 입구(월령슈퍼낚시앞)),30,,064-710-8855,33.3750804,126.2162659,2018-04-30,6500000,제주특별자치도
5,,보성초교입구교차로(보성농협앞),30,,064-710-8855,33.2476622,126.2768601,2018-04-30,6500000,제주특별자치도
5,,여객선대합실주차장앞,30,,064-710-8855,33.2116302,126.2571631,2018-04-30,6500000,제주특별자치도
4,,원보빌라인근삼거리,30,,064-710-8855,33.2267061,126.2551081,2018-04-30,6500000,제주특별자치도
5,,서부보건소입구,30,,064-710-8855,33.2187035,126.2534156,2018-04-30,6500000,제주특별자치도
5,,제일빌리지 입구,30,,064-710-8855,33.4612177,126.4444519,2018-04-30,6500000,제주특별자치도
5,,모슬포한의원앞,30,,064-710-8855,33.219758,126.2512752,2018-04-30,6500000,제주특별자치도
5,,남제주발전본부사택인근,30,,064-710-8855,33.251632,126.3300715,2018-04-30,6500000,제주특별자치도
4,,GS25편의점 앞(안덕),30,,064-710-8855,33.234528,126.3670506,2018-04-30,6500000,제주특별자치도
5,,하예동마을회관앞사거리,30,,064-710-8855,33.2433553,126.3865254,2018-04-30,6500000,제주특별자치도
5,,색달입구삼거리,30,,064-710-8855,33.2664708,126.4145537,2018-04-30,6500000,제주특별자치도
4,,CU편의점앞,30,,064-710-8855,33.2543363,126.4246162,2018-04-30,6500000,제주특별자치도
5,,제주동초 후문,30,,064-710-8855,33.5080485,126.5473185,2018-04-30,6500000,제주특별자치도
4,,노형초 정문,30,,064-710-8855,33.483098,126.4772312,2018-04-30,6500000,제주특별자치도
5,,노형초 후문,30,,064-710-8855,33.483098,126.4772312,2018-04-30,6500000,제주특별자치도
3,,동홍초 정문 동측,30,,064-710-8855,33.2594126,126.5709022,2018-04-30,6500000,제주특별자치도
3,,동홍초 정문 서측,30,,064-710-8855,33.2591995,126.5695417,2018-04-30,6500000,제주특별자치도
1,,동홍초 후문,30,,064-710-8855,33.2698269,126.569319,2018-04-30,6500000,제주특별자치도
5,,제주북초 정문,30,,064-710-8855,33.5149598,126.5217042,2018-04-30,6500000,제주특별자치도
5,,제주북초 후문,30,,064-710-8855,33.5149598,126.5217042,2018-04-30,6500000,제주특별자치도
4,,서귀북초 정문,30,,064-710-8855,33.2607405,126.5585486,2018-04-30,6500000,제주특별자치도
3,,서귀북초 후문,30,,064-710-8855,33.2811103,126.540806,2018-04-30,6500000,제주특별자치도
5,,동남초 정문,30,,064-710-8855,33.449178,126.9149279,2018-04-30,6500000,제주특별자치도
1,,동남초 후문,30,,064-710-8855,33.4485897,126.9131208,2018-04-30,6500000,제주특별자치도
4,,외도초 정문,30,,064-710-8855,33.4929877,126.4345043,2018-04-30,6500000,제주특별자치도
5,,외도초 후문,30,,064-710-8855,33.4929877,126.4345043,2018-04-30,6500000,제주특별자치도
6,,동광초 정문,30,,064-710-8855,33.5017192,126.5472187,2018-04-30,6500000,제주특별자치도
4,,중문초 정문,30,,064-710-8855,33.2526762,126.4300049,2018-04-30,6500000,제주특별자치도
3,,중문초 후문,30,,064-710-8855,33.2527969,126.4304255,2018-04-30,6500000,제주특별자치도
4,,남원초 정문,30,,064-710-8855,33.2783595,126.7159465,2018-04-30,6500000,제주특별자치도
4,,남원초 후문,30,,064-710-8855,33.2791561,126.7151136,2018-04-30,6500000,제주특별자치도
6,,신광초 정문,30,,064-710-8855,33.4902505,126.4840953,2018-04-30,6500000,제주특별자치도
7,,신광초 후문,30,,064-710-8855,33.4927233,126.4845977,2018-04-30,6500000,제주특별자치도
3,,대정초 정문,30,,064-710-8855,33.2247929,126.2546537,2018-04-30,6500000,제주특별자치도
3,,대정초 후문,30,,064-710-8855,33.2248325,126.2563188,2018-04-30,6500000,제주특별자치도
4,,예원유치원,30,,064-710-8855,33.2528177,126.5717178,2018-04-30,6500000,제주특별자치도
7,,제주중앙초 정문,30,,064-710-8855,33.5026967,126.5167999,2018-04-30,6500000,제주특별자치도
6,,제주중앙초 후문,30,,064-710-8855,33.5032467,126.514848,2018-04-30,6500000,제주특별자치도
5,,삼양초 정문,30,,064-710-8855,33.5199123,126.5856512,2018-04-30,6500000,제주특별자치도
4,,서귀포초 정문,30,,064-710-8855,33.2432923,126.5659274,2018-04-30,6500000,제주특별자치도
4,,서귀포초 후문,30,,064-710-8855,33.243586,126.5670095,2018-04-30,6500000,제주특별자치도
3,,안덕초 정문,30,,064-710-8855,33.2501747,126.3351487,2018-04-30,6500000,제주특별자치도
3,,안덕초 후문,30,,064-710-8855,33.2493947,126.3359468,2018-04-30,6500000,제주특별자치도
5,,신제주초 정문우측삼거리,30,,064-710-8855,33.483489,126.4969917,2018-04-30,6500000,제주특별자치도
5,,신제주초 정문좌측삼거리,30,,064-710-8855,33.4821995,126.4982286,2018-04-30,6500000,제주특별자치도
7,,제주서초 정문,30,,064-710-8855,33.5125196,126.5099938,2018-04-30,6500000,제주특별자치도
6,,제주서초 후문,30,,064-710-8855,33.5113589,126.5120629,2018-04-30,6500000,제주특별자치도
6,,도남초 정문,30,,064-710-8855,33.4933885,126.5267409,2018-04-30,6500000,제주특별자치도
8,,도남초 후문,30,,064-710-8855,33.4946055,126.525443,2018-04-30,6500000,제주특별자치도
4,,서귀중앙초 정문,30,,064-710-8855,33.2513124,126.5657213,2018-04-30,6500000,제주특별자치도
2,,서귀중앙초 후문1,30,,064-710-8855,33.2536139,126.5641341,2018-04-30,6500000,제주특별자치도
2,,서귀중앙초 후문2,30,,064-710-8855,33.252235,126.5645731,2018-04-30,6500000,제주특별자치도
4,,표선초 정문,30,,064-710-8855,33.326494,126.831638,2018-04-30,6500000,제주특별자치도
4,,표선초 후문,30,,064-710-8855,33.3287464,126.8351785,2018-04-30,6500000,제주특별자치도
3,,신례초 정문,30,,064-710-8855,33.299995,126.6297939,2018-04-30,6500000,제주특별자치도
3,,태흥초 정문,30,,064-710-8855,33.2863075,126.7429484,2018-04-30,6500000,제주특별자치도
4,,신례초 후문,30,,064-710-8855,33.299995,126.6297939,2018-04-30,6500000,제주특별자치도
4,,위미초 정문,30,,064-710-8855,33.2740723,126.6534856,2018-04-30,6500000,제주특별자치도
3,,태흥초 후문,30,,064-710-8855,33.2863075,126.7429484,2018-04-30,6500000,제주특별자치도
4,,한라초 정문북측사거리,30,,064-710-8855,33.483098,126.4772312,2018-04-30,6500000,제주특별자치도
7,,월랑초 정문 남측삼거리,30,,064-710-8855,33.4909868,126.4771595,2018-04-30,6500000,제주특별자치도
4,,한라초 정문앞,30,,064-710-8855,33.483098,126.4772312,2018-04-30,6500000,제주특별자치도
5,,월랑초 후문 북측사거리,30,,064-710-8855,33.4909868,126.4771595,2018-04-30,6500000,제주특별자치도
4,,한라초 정문 남측 삼거리,30,,064-710-8855,33.483098,126.4772312,2018-04-30,6500000,제주특별자치도
3,,새서귀초 정문,30,,064-710-8855,33.2641059,126.5095074,2018-04-30,6500000,제주특별자치도
3,,새서귀초 후문,30,,064-710-8855,33.2641059,126.5095074,2018-04-30,6500000,제주특별자치도
3,,서호초 정문,30,,064-710-8855,33.2641059,126.5095074,2018-04-30,6500000,제주특별자치도
4,,법환초,30,,064-710-8855,33.2373755,126.5086211,2018-04-30,6500000,제주특별자치도
3,,서호초 후문,30,,064-710-8855,33.2641059,126.5095074,2018-04-30,6500000,제주특별자치도
4,,대정서초,30,,064-710-8855,33.232139,126.2391253,2018-04-30,6500000,제주특별자치도
4,,무릉초,30,,064-710-8855,33.2724818,126.2015537,2018-04-30,6500000,제주특별자치도
3,,도순초,30,,064-710-8855,33.2475232,126.4773927,2018-04-30,6500000,제주특별자치도
6,,도리초 정문동측사거리1,30,,064-710-8855,33.5015275,126.4660941,2018-04-30,6500000,제주특별자치도
9,,도리초 정문동측사거리2,30,,064-710-8855,33.5014921,126.4665177,2018-04-30,6500000,제주특별자치도
4,,도리초 후문북측사거리,30,,064-710-8855,33.5046855,126.4653561,2018-04-30,6500000,제주특별자치도
4,,삼성초 후문앞 삼거리,30,,064-710-8855,33.5035517,126.5232412,2018-04-30,6500000,제주특별자치도
4,,제주남초 정문앞사거리 1,30,,064-710-8855,33.5094818,126.5216972,2018-04-30,6500000,제주특별자치도
1,,제주남초 정문앞사거리 2,30,,064-710-8855,33.5094818,126.5216972,2018-04-30,6500000,제주특별자치도
7,,제주남초 후문북측삼거리,30,,064-710-8855,33.5103511,126.5205072,2018-04-30,6500000,제주특별자치도
3,,서귀서초 정문,30,,064-710-8855,33.2546602,126.5570807,2018-04-30,6500000,제주특별자치도
3,,신산초 정문,30,,064-710-8855,33.3816737,126.8755242,2018-04-30,6500000,제주특별자치도
4,,성산초 정문,30,,064-710-8855,33.4683732,126.9318004,2018-04-30,6500000,제주특별자치도
3,,신산초 후문,30,,064-710-8855,33.3816737,126.8755242,2018-04-30,6500000,제주특별자치도
2,,보목초 정문,30,,064-710-8855,33.2448428,126.5999288,2018-04-30,6500000,제주특별자치도
3,,보목초 후문,30,,064-710-8855,33.2448428,126.5999288,2018-04-30,6500000,제주특별자치도
3,,창천초 정문,30,,064-710-8855,33.2635128,126.3693907,2018-04-30,6500000,제주특별자치도
5,,사계초,30,,064-710-8855,33.2469709,126.3206311,2018-04-30,6500000,제주특별자치도
4,,창천초 후문,30,,064-710-8855,33.2459923,126.3662987,2018-04-30,6500000,제주특별자치도
4,,애월초 KT 분기국사(정문 동측 삼거리),30,,064-710-8855,33.4635966,126.3239558,2018-04-30,6500000,제주특별자치도
3,,어도초 정문 남측사거리(농협맞은편),30,,064-710-8855,33.4190732,126.3125947,2018-04-30,6500000,제주특별자치도
5,,광령초 동측 70m(코리아태권도 맞은편),30,,064-710-8855,33.4608215,126.4377568,2018-04-30,6500000,제주특별자치도
5,,애월초 후문 남측 사거리(아라약국),30,,064-710-8855,33.4565464,126.3246056,2018-04-30,6500000,제주특별자치도
5,,어도초 봉성사거리,30,,064-710-8855,33.4227695,126.3131241,2018-04-30,6500000,제주특별자치도
5,,하귀초 정문 삼거리,30,,064-710-8855,33.4801631,126.4018075,2018-04-30,6500000,제주특별자치도
2,,토평초 정문,30,,064-710-8855,33.2705664,126.5892146,2018-04-30,6500000,제주특별자치도
4,,토평초 후문,30,,064-710-8855,33.2705664,126.5892146,2018-04-30,6500000,제주특별자치도
7,,오라초 정문동측삼거리,30,,064-710-8855,33.4890435,126.5141781,2018-04-30,6500000,제주특별자치도
4,,오라초 정문 서측 삼거리,30,,064-710-8855,33.4893242,126.5123248,2018-04-30,6500000,제주특별자치도
4,,한천초 운동장 남측삼거리,30,,064-710-8855,33.5065642,126.5132502,2018-04-30,6500000,제주특별자치도
5,,한천초 정문 북측사거리,30,,064-710-8855,33.5073467,126.5121176,2018-04-30,6500000,제주특별자치도
5,,광양초 정문 동측사거리,30,,064-710-8855,33.5029381,126.5296386,2018-04-30,6500000,제주특별자치도
7,,삼성초 정문앞 삼거리,30,,064-710-8855,33.5029778,126.526233,2018-04-30,6500000,제주특별자치도
7,,광양초 후문 서측사거리,30,,064-710-8855,33.5029381,126.5296386,2018-04-30,6500000,제주특별자치도
4,,수운근린공원,30,,064-710-8855,33.4783289,126.5235747,2018-04-30,6500000,제주특별자치도
3,,수운근린공원,30,,064-710-8855,33.4783289,126.5235747,2018-04-30,6500000,제주특별자치도
3,,수운근린공원,30,,064-710-8855,33.4783289,126.5235747,2018-04-30,6500000,제주특별자치도
3,,수운근린공원,30,,064-710-8855,33.4783289,126.5235747,2018-04-30,6500000,제주특별자치도
3,,수운근린공원 (화장실방향),30,,064-710-8855,33.4783289,126.5235747,2018-04-30,6500000,제주특별자치도
3,,수운근린공원,30,,064-710-8855,33.4783289,126.5235747,2018-04-30,6500000,제주특별자치도
3,,남광초 후문 동측사거리,30,,064-710-8855,33.4969863,126.5353375,2018-04-30,6500000,제주특별자치도
4,,남광초 후문 앞 사거리1,30,,064-710-8855,33.4939866,126.5357815,2018-04-30,6500000,제주특별자치도
3,,남광초 후문 앞 사거리2,30,,064-710-8855,33.4939866,126.5357815,2018-04-30,6500000,제주특별자치도
4,,인화초 정문 삼거리,30,,064-710-8855,33.5066341,126.5389068,2018-04-30,6500000,제주특별자치도
5,,일도초 정문 북측사거리,30,,064-710-8855,33.5101188,126.5325048,2018-04-30,6500000,제주특별자치도
4,,인화초 체육관 북측 삼거리,30,,064-710-8855,33.5071129,126.5370025,2018-04-30,6500000,제주특별자치도
4,,일도초 후문앞 삼거리,30,,064-710-8855,33.5101188,126.5325048,2018-04-30,6500000,제주특별자치도
3,,하원초 정문,30,,064-710-8855,33.326215,126.4716831,2018-04-30,6500000,제주특별자치도
3,,하원초 후문,30,,064-710-8855,33.326215,126.4716831,2018-04-30,6500000,제주특별자치도
2,,토산초 정문,30,,064-710-8855,33.3125196,126.7774575,2018-04-30,6500000,제주특별자치도
3,,가마초,30,,064-710-8855,33.3057635,126.7999142,2018-04-30,6500000,제주특별자치도
3,,강정초 후문,30,,064-710-8855,33.2349238,126.4791968,2018-04-30,6500000,제주특별자치도
3,,토산초 후문,30,,064-710-8855,33.3125196,126.7774575,2018-04-30,6500000,제주특별자치도
4,,신창초 정문 북측삼거리(한경다방앞),30,,064-710-8855,33.3500915,126.1831114,2018-04-30,6500000,제주특별자치도
3,,신창초 후문 동측사거리2,30,,064-710-8855,33.3487129,126.1862487,2018-04-30,6500000,제주특별자치도
3,,한림초 서울상회 앞,30,,064-710-8855,33.4095067,126.2592718,2018-04-30,6500000,제주특별자치도
3,,한림초 정문(동쪽/ 서쪽),30,,064-710-8855,33.4113741,126.2619294,2018-04-30,6500000,제주특별자치도
4,,한림초 후문앞,30,,064-710-8855,33.4113741,126.2619294,2018-04-30,6500000,제주특별자치도
3,,수원초 정문,30,,064-710-8855,33.4254096,126.2689865,2018-04-30,6500000,제주특별자치도
3,,한림초 한림침구 맞은편,30,,064-710-8855,33.4092671,126.2593518,2018-04-30,6500000,제주특별자치도
3,,제1-79호공원(화북공원),30,,064-710-8855,33.5214786,126.5648286,2018-04-30,6500000,제주특별자치도
3,,제1-79호공원(화북공원),30,,064-710-8855,33.5214786,126.5648286,2018-04-30,6500000,제주특별자치도
5,,동화초 정문앞삼거리,30,,064-710-8855,33.5183989,126.5765547,2018-04-30,6500000,제주특별자치도
4,,화북초 정문앞삼거리,30,,064-710-8855,33.5199206,126.5631838,2018-04-30,6500000,제주특별자치도
3,,화북초 후문 동측 삼거리,30,,064-710-8855,33.5182118,126.563394,2018-04-30,6500000,제주특별자치도
3,,동화초 운동장 북측 단일로,30,,064-710-8855,33.5193286,126.5739842,2018-04-30,6500000,제주특별자치도
4,,효돈초 정문,30,,064-710-8855,33.264154,126.6160501,2018-04-30,6500000,제주특별자치도
5,,동복분교 정문,30,,064-710-8855,33.5528968,126.7130355,2018-04-30,6500000,제주특별자치도
5,,동복분교 후문,30,,064-710-8855,33.5523237,126.7133325,2018-04-30,6500000,제주특별자치도
6,,세화초 정문,30,,064-710-8855,33.5223774,126.8587508,2018-04-30,6500000,제주특별자치도
3,,종달초 정문,30,,064-710-8855,33.4926703,126.8974265,2018-04-30,6500000,제주특별자치도
5,,한동초 정문,30,,064-710-8855,33.5376085,126.8290428,2018-04-30,6500000,제주특별자치도
4,,구좌중앙초 정문,30,,064-710-8855,33.5468086,126.7838117,2018-04-30,6500000,제주특별자치도
4,,김녕초 정문,30,,064-710-8855,33.5552575,126.7505618,2018-04-30,6500000,제주특별자치도
6,,종달초 후문,30,,064-710-8855,33.4919795,126.8971006,2018-04-30,6500000,제주특별자치도
5,,평대초 정문,30,,064-710-8855,33.5243749,126.8423829,2018-04-30,6500000,제주특별자치도
3,,하도초 정문,30,,064-710-8855,33.5172192,126.8777024,2018-04-30,6500000,제주특별자치도
6,,의귀초 교차로,30,,064-710-8855,33.3108776,126.7145572,2018-04-30,6500000,제주특별자치도
5,,의귀초 정문,30,,064-710-8855,33.3099203,126.7137981,2018-04-30,6500000,제주특별자치도
5,,흥산초 정문,30,,064-710-8855,33.3003592,126.765228,2018-04-30,6500000,제주특별자치도
3,,의귀초 후문,30,,064-710-8855,33.3108776,126.7145572,2018-04-30,6500000,제주특별자치도
6,,하례초 정문,30,,064-710-8855,33.3420367,126.5884214,2018-04-30,6500000,제주특별자치도
4,,흥산초 후문,30,,064-710-8855,33.3007255,126.7638088,2018-04-30,6500000,제주특별자치도
4,,노형제1근린공원(백록초앞)1,30,,064-710-8855,33.4866192,126.4695106,2018-04-30,6500000,제주특별자치도
4,,노형제1근린공원(백록초앞)2,30,,064-710-8855,33.4866192,126.4695106,2018-04-30,6500000,제주특별자치도
4,,백록초 정문,30,,064-710-8855,33.4871583,126.4702382,2018-04-30,6500000,제주특별자치도
4,,해안초 정문,30,,064-710-8855,33.4568876,126.4546246,2018-04-30,6500000,제주특별자치도
6,,보성초 정문,30,,064-710-8855,33.2498007,126.2758202,2018-04-30,6500000,제주특별자치도
4,,보성초 후문,30,,064-710-8855,33.2493242,126.2761107,2018-04-30,6500000,제주특별자치도
5,,봉개초 정문,30,,064-710-8855,33.490835,126.5931247,2018-04-30,6500000,제주특별자치도
4,,봉개초 후문,30,,064-710-8855,33.4902658,126.593815,2018-04-30,6500000,제주특별자치도
6,,동남초 교차로,30,,064-710-8855,33.449178,126.9149279,2018-04-30,6500000,제주특별자치도
6,,수산초 정문,30,,064-710-8855,33.4473655,126.8852217,2018-04-30,6500000,제주특별자치도
5,,풍천초 교차로(신천사거리),30,,064-710-8855,33.346388,126.8518582,2018-04-30,6500000,제주특별자치도
5,,수산초 후문,30,,064-710-8855,33.4468934,126.8845588,2018-04-30,6500000,제주특별자치도
5,,시흥초 정문,30,,064-710-8855,33.4784882,126.8962549,2018-04-30,6500000,제주특별자치도
3,,온평초 정문,30,,064-710-8855,33.4077331,126.8973796,2018-04-30,6500000,제주특별자치도
6,,풍천초 정문,30,,064-710-8855,33.3492259,126.850059,2018-04-30,6500000,제주특별자치도
4,,아라초 앞,30,,064-710-8855,33.4761448,126.5448034,2018-04-30,6500000,제주특별자치도
4,,영평초 앞,30,,064-710-8855,33.4777008,126.567467,2018-04-30,6500000,제주특별자치도
5,,덕수초 옆,30,,064-710-8855,33.2522426,126.3040389,2018-04-30,6500000,제주특별자치도
5,,덕수초 정문,30,,064-710-8855,33.2518078,126.3038928,2018-04-30,6500000,제주특별자치도
4,,덕수초 후문,30,,064-710-8855,33.2518927,126.3045661,2018-04-30,6500000,제주특별자치도
6,,서광초 정문,30,,064-710-8855,33.2877726,126.326281,2018-04-30,6500000,제주특별자치도
4,,서광초 후문,30,,064-710-8855,33.2882742,126.3266407,2018-04-30,6500000,제주특별자치도
5,,곽금초 교차로,30,,064-710-8855,33.4472133,126.3065996,2018-04-30,6500000,제주특별자치도
4,,납읍초 정문,30,,064-710-8855,33.4350169,126.3301679,2018-04-30,6500000,제주특별자치도
6,,더럭분교 정문,30,,064-710-8855,33.453461,126.345661,2018-04-30,6500000,제주특별자치도
7,,장전초 정문,30,,064-710-8855,33.4492787,126.3905871,2018-04-30,6500000,제주특별자치도
4,,구엄초 정문,30,,064-710-8855,33.4731292,126.3751115,2018-04-30,6500000,제주특별자치도
7,,납읍초 교차로(새마을금고),30,,064-710-8855,33.4472133,126.3065996,2018-04-30,6500000,제주특별자치도
6,,물메초 정문,30,,064-710-8855,33.4660108,126.3914429,2018-04-30,6500000,제주특별자치도
7,,제1-46호 공원(신광아파트앞),30,,064-710-8855,33.490251,126.4844224,2018-04-30,6500000,제주특별자치도
5,,온성학교 정문,30,,064-710-8855,33.2918966,126.59463,2018-04-30,6500000,제주특별자치도
4,,예래초 정문,30,,064-710-8855,33.2461104,126.3918751,2018-04-30,6500000,제주특별자치도
6,,예래초 교차로,30,,064-710-8855,33.2463922,126.3919107,2018-04-30,6500000,제주특별자치도
5,,도평초 도로,30,,064-710-8855,33.4808165,126.4470312,2018-04-30,6500000,제주특별자치도
6,,도평초 정문,30,,064-710-8855,33.4797464,126.4471762,2018-04-30,6500000,제주특별자치도
5,,이도초 앞,30,,064-710-8855,33.4954681,126.5321871,2018-04-30,6500000,제주특별자치도
6,,교래분교 교차로,30,,064-710-8855,33.4371356,126.677408,2018-04-30,6500000,제주특별자치도
4,,북촌초 정문,30,,064-710-8855,33.547976,126.6915455,2018-04-30,6500000,제주특별자치도
4,,선인분교 교차로,30,,064-710-8855,33.4587779,126.7030411,2018-04-30,6500000,제주특별자치도
6,,선흘분교 교차로(동백상회),30,,064-710-8855,33.5116901,126.7051313,2018-04-30,6500000,제주특별자치도
5,,신촌초 앞,30,,064-710-8855,33.5344016,126.6192893,2018-04-30,6500000,제주특별자치도
6,,조천초 정문,30,,064-710-8855,33.5355113,126.6335815,2018-04-30,6500000,제주특별자치도
6,,함덕초 정문,30,,064-710-8855,33.5389074,126.6722769,2018-04-30,6500000,제주특별자치도
6,,대흘초 교차로,30,,064-710-8855,33.4988103,126.6587168,2018-04-30,6500000,제주특별자치도
6,,신촌초 뒤,30,,064-710-8855,33.5346127,126.618654,2018-04-30,6500000,제주특별자치도
4,,함덕초 후문,30,,064-710-8855,33.5374512,126.6726792,2018-04-30,6500000,제주특별자치도
5,,성읍초 교차로,30,,064-710-8855,33.383076,126.799326,2018-04-30,6500000,제주특별자치도
4,,성읍초 후문,30,,064-710-8855,33.3839823,126.798127,2018-04-30,6500000,제주특별자치도
6,,한마음초,30,,064-710-8855,33.3528043,126.8140006,2018-04-30,6500000,제주특별자치도
4,,고산초 정문,30,,064-710-8855,33.304487,126.177221,2018-04-30,6500000,제주특별자치도
5,,저청초 정문,30,,064-710-8855,33.3261759,126.2525467,2018-04-30,6500000,제주특별자치도
7,,고산초 교차로(고산우체국),30,,064-710-8855,33.3034827,126.1794976,2018-04-30,6500000,제주특별자치도
7,,저청초 교차로,30,,064-710-8855,33.326802,126.253024,2018-04-30,6500000,제주특별자치도
5,,귀덕초 정문,30,,064-710-8855,33.4422249,126.2939578,2018-04-30,6500000,제주특별자치도
5,,금악초 정문,30,,064-710-8855,33.3572613,126.2956876,2018-04-30,6500000,제주특별자치도
4,,귀덕초 교차로,30,,064-710-8855,33.4435688,126.2934143,2018-04-30,6500000,제주특별자치도
6,,재릉초 정문,30,,064-710-8855,33.390327,126.2374583,2018-04-30,6500000,제주특별자치도
5,,어린이공원 제1-12호,30,,064-710-8855,33.5167717,126.5400818,2018-04-30,6500000,제주특별자치도
4,,의귀어린이집,30,,064-710-8855,33.312211,126.7130676,2018-04-30,6500000,제주특별자치도
3,,새싹어린이집 2,30,,064-710-8855,33.2763651,126.6569797,2018-04-30,6500000,제주특별자치도
3,,새싹어린이집 1,30,,064-710-8855,33.2878638,126.6651374,2018-04-30,6500000,제주특별자치도
4,,남원유치원,30,,064-710-8855,33.2815653,126.7170406,2018-04-30,6500000,제주특별자치도
4,,어린이공원 제1-11호,30,,064-710-8855,33.4771889,126.4742632,2018-04-30,6500000,제주특별자치도
4,,어린이공원 제1-10호,30,,064-710-8855,33.4868262,126.4840839,2018-04-30,6500000,제주특별자치도
4,,어린이공원 제1-65호,30,,064-710-8855,33.4778234,126.4802655,2018-04-30,6500000,제주특별자치도
4,,어린이공원 제1-66호,30,,064-710-8855,33.4792122,126.4866351,2018-04-30,6500000,제주특별자치도
4,,어린이공원 제1-93호,30,,064-710-8855,33.4813249,126.4723354,2018-04-30,6500000,제주특별자치도
4,,어린이공원 제1-94호,30,,064-710-8855,33.484283,126.46862,2018-04-30,6500000,제주특별자치도
4,,어린이공원 제1-96호,30,,064-710-8855,33.4879431,126.4744432,2018-04-30,6500000,제주특별자치도
4,,어린이공원 제1-92호,30,,064-710-8855,33.4847697,126.4731346,2018-04-30,6500000,제주특별자치도
3,,어린이공원 제1-91호,30,,064-710-8855,33.4822419,126.4724204,2018-04-30,6500000,제주특별자치도
5,,어린이공원 제1-90호,30,,064-710-8855,33.4835262,126.4719471,2018-04-30,6500000,제주특별자치도
4,,어린이공원 제1-89호,30,,064-710-8855,33.4845312,126.4711203,2018-04-30,6500000,제주특별자치도
4,,어린이공원 제1-52호,30,,064-710-8855,33.4854869,126.476693,2018-04-30,6500000,제주특별자치도
4,,어린이공원 제1-49호,30,,064-710-8855,33.489175,126.4813767,2018-04-30,6500000,제주특별자치도
4,,어린이공원 제1-50호,30,,064-710-8855,33.4884494,126.4778624,2018-04-30,6500000,제주특별자치도
4,,어린이공원 제1-51호,30,,064-710-8855,33.4874222,126.4756316,2018-04-30,6500000,제주특별자치도
4,,어린이공원 제1-48호,30,,064-710-8855,33.4899237,126.4761978,2018-04-30,6500000,제주특별자치도
4,,어린이공원 제1-47호,30,,064-710-8855,33.4921965,126.4753112,2018-04-30,6500000,제주특별자치도
4,,레코어린이집,30,,064-710-8855,33.4754083,126.479403,2018-04-30,6500000,제주특별자치도
3,,혜솔어린이집,30,,064-710-8855,33.483098,126.4772312,2018-04-30,6500000,제주특별자치도
4,,로뎀나무어린이집,30,,064-710-8855,33.4756504,126.4853329,2018-04-30,6500000,제주특별자치도
3,,동연어린이집,30,,064-710-8855,33.4755053,126.4721847,2018-04-30,6500000,제주특별자치도
3,,애육어린이집,30,,064-710-8855,33.492002,126.4775344,2018-04-30,6500000,제주특별자치도
5,,새순유치원,30,,064-710-8855,33.4852284,126.4704916,2018-04-30,6500000,제주특별자치도
5,,제주한라대학부설유치원,30,,064-710-8855,33.4762429,126.4771776,2018-04-30,6500000,제주특별자치도
4,,노형초정문(동측),30,,064-710-8855,33.4850559,126.4762465,2018-04-30,6500000,제주특별자치도
3,,신학공원,30,,064-710-8855,33.2517347,126.5121866,2018-04-30,6500000,제주특별자치도
4,,미래2공원,30,,064-710-8855,33.2572707,126.5116796,2018-04-30,6500000,제주특별자치도
4,,미래1공원,30,,064-710-8855,33.2591536,126.5128345,2018-04-30,6500000,제주특별자치도
6,,예사랑어린이집,30,,064-710-8855,33.2582586,126.5205667,2018-04-30,6500000,제주특별자치도
5,,서호어린이집,30,,064-710-8855,33.2570696,126.5238435,2018-04-30,6500000,제주특별자치도
5,,대정어린이집,30,,064-710-8855,33.2203736,126.2571742,2018-04-30,6500000,제주특별자치도
6,,아이사랑어린이집,30,,064-710-8855,33.2266104,126.2714354,2018-04-30,6500000,제주특별자치도
4,,대청공원,30,,064-710-8855,33.2534601,126.5052477,2018-04-30,6500000,제주특별자치도
4,,문화2공원,30,,064-710-8855,33.2615636,126.49447,2018-04-30,6500000,제주특별자치도
6,,문화1공원,30,,064-710-8855,33.2615636,126.49447,2018-04-30,6500000,제주특별자치도
4,,큰엉유원지,30,,064-710-8855,33.2522866,126.472051,2018-04-30,6500000,제주특별자치도
4,,도순원광어린이집,30,,064-710-8855,33.2522866,126.472051,2018-04-30,6500000,제주특별자치도
4,,법환어린이집,30,,064-710-8855,33.2391135,126.5088244,2018-04-30,6500000,제주특별자치도
6,,예일어린이집,30,,064-710-8855,33.2614364,126.5083915,2018-04-30,6500000,제주특별자치도
6,,어린이공원 제1-43호,30,,064-710-8855,33.5040327,126.4649157,2018-04-30,6500000,제주특별자치도
4,,재놀스배어린이집,30,,064-710-8855,33.495774,126.4734924,2018-04-30,6500000,제주특별자치도
4,,희망공원,30,,064-710-8855,33.257861,126.5710691,2018-04-30,6500000,제주특별자치도
4,,태양공원,30,,064-710-8855,33.2578516,126.5732263,2018-04-30,6500000,제주특별자치도
1,41,지하1층 사무실 복도(3),30,Sep-11,054-370-8083,35.687293,128.724165,2018-02-14,B551450,청도공영사업공사
1,41,지하1층 사무실 복도(2),30,Sep-11,054-370-8083,35.687293,128.724165,2018-02-14,B551450,청도공영사업공사
1,41,지하1층 사무실 복도(1),30,Sep-11,054-370-8083,35.687293,128.724165,2018-02-14,B551450,청도공영사업공사
1,41,지하1층 세미나실 내부,30,Sep-11,054-370-8083,35.687293,128.724165,2018-02-14,B551450,청도공영사업공사
1,41,1층 종합안내실 내부,30,Sep-11,054-370-8083,35.687293,128.724165,2018-02-14,B551450,청도공영사업공사
1,41,1층 놀이방 내부,30,Sep-11,054-370-8083,35.687293,128.724165,2018-02-14,B551450,청도공영사업공사
1,41,지하1층 1-1 투표소 앞 관람석,30,Sep-11,054-370-8083,35.687293,128.724165,2018-02-14,B551450,청도공영사업공사
1,41,지하1층 고객봉사실 관람석,30,Sep-11,054-370-8083,35.687293,128.724165,2018-02-14,B551450,청도공영사업공사
1,41,1층 2-4 투표소 앞 복도,30,Sep-11,054-370-8083,35.687293,128.724165,2018-02-14,B551450,청도공영사업공사
1,41,1층 동북쪽 매점 앞 복도,30,Sep-11,054-370-8083,35.687293,128.724165,2018-02-14,B551450,청도공영사업공사
1,41,1층 농산물 특판장 앞 복도,30,Sep-11,054-370-8083,35.687293,128.724165,2018-02-14,B551450,청도공영사업공사
1,41,1층 남동쪽 매점 앞 복도,30,Sep-11,054-370-8083,35.687293,128.724165,2018-02-14,B551450,청도공영사업공사
1,41,1층 방송실 앞 복도,30,Sep-11,054-370-8083,35.687293,128.724165,2018-02-14,B551450,청도공영사업공사
1,41,1층 종합안내실 앞 복도,30,Sep-11,054-370-8083,35.687293,128.724165,2018-02-14,B551450,청도공영사업공사
1,41,1층 서쪽 매점 앞 복도,30,Sep-11,054-370-8083,35.687293,128.724165,2018-02-14,B551450,청도공영사업공사
1,41,1층 놀이방 앞 복도,30,Sep-11,054-370-8083,35.687293,128.724165,2018-02-14,B551450,청도공영사업공사
1,41,1층 2-3 투표소 앞 복도,30,Sep-11,054-370-8083,35.687293,128.724165,2018-02-14,B551450,청도공영사업공사
1,41,경기장 외부 북쪽,30,Sep-11,054-370-8083,35.687293,128.724165,2018-02-14,B551450,청도공영사업공사
1,41,경기장 외부 동쪽,30,Sep-11,054-370-8083,35.687293,128.724165,2018-02-14,B551450,청도공영사업공사
1,41,경기장 외부 남쪽,30,Sep-11,054-370-8083,35.687293,128.724165,2018-02-14,B551450,청도공영사업공사
1,41,경기장 외부 서쪽,30,Sep-11,054-370-8083,35.687293,128.724165,2018-02-14,B551450,청도공영사업공사
1,41,경기장 내부 스탠드,30,Sep-11,054-370-8083,35.687293,128.724165,2018-02-14,B551450,청도공영사업공사
1,41,소망관 2층 3관람석,30,Sep-11,054-370-8083,35.687293,128.724165,2018-02-14,B551450,청도공영사업공사
1,41,소망관 2층 2관람석,30,Sep-11,054-370-8083,35.687293,128.724165,2018-02-14,B551450,청도공영사업공사
1,41,소망관 2층 1관람석,30,Sep-11,054-370-8083,35.687293,128.724165,2018-02-14,B551450,청도공영사업공사
1,41,소망관 2층 계단(2),,Sep-11,054-370-8083,35.687293,128.724165,2018-02-14,B551450,청도공영사업공사
1,41,소망관 3층 흡연구역(2),30,Sep-11,054-370-8083,35.687293,128.724165,2018-02-14,B551450,청도공영사업공사
1,41,소망관 2층 계단(1),,Sep-11,054-370-8083,35.687293,128.724165,2018-02-14,B551450,청도공영사업공사
1,41,소망관 3층 계단(2),30,Sep-11,054-370-8083,35.687293,128.724165,2018-02-14,B551450,청도공영사업공사
1,41,소망관 3층 흡연구역(1),30,Sep-11,054-370-8083,35.687293,128.724165,2018-02-14,B551450,청도공영사업공사
1,41,소망관 3층 계단(1),30,Sep-11,054-370-8083,35.687293,128.724165,2018-02-14,B551450,청도공영사업공사
1,41,소망관 3층 3관람석 내부,30,Sep-11,054-370-8083,35.687293,128.724165,2018-02-14,B551450,청도공영사업공사
1,41,소망관 3층 2관람석 내부,30,Sep-11,054-370-8083,35.687293,128.724165,2018-02-14,B551450,청도공영사업공사
1,41,소망관 3층 1관람석 내부,30,Sep-11,054-370-8083,35.687293,128.724165,2018-02-14,B551450,청도공영사업공사
1,41,지하1층 전기실(2),30,Sep-11,054-370-8083,35.687293,128.724165,2018-02-14,B551450,청도공영사업공사
1,41,지하1층 관람석 입구(의무실),30,Sep-11,054-370-8083,35.687293,128.724165,2018-02-14,B551450,청도공영사업공사
1,41,지하1층 관람석 입구(구내식당),30,Sep-11,054-370-8083,35.687293,128.724165,2018-02-14,B551450,청도공영사업공사
1,41,경기장 싸움소 진입로(3),30,Sep-11,054-370-8083,35.687293,128.724165,2018-02-14,B551450,청도공영사업공사
1,41,지하1층 전기실(1),30,Sep-11,054-370-8083,35.687293,128.724165,2018-02-14,B551450,청도공영사업공사
1,41,지하1층 수조실(2),30,Sep-11,054-370-8083,35.687293,128.724165,2018-02-14,B551450,청도공영사업공사
1,41,지하1층 세미나실 입구,30,Sep-11,054-370-8083,35.687293,128.724165,2018-02-14,B551450,청도공영사업공사
1,41,지하1층 수조실(1),30,Sep-11,054-370-8083,35.687293,128.724165,2018-02-14,B551450,청도공영사업공사
1,41,경기장 외부 북쪽,30,Sep-11,054-370-8083,35.687293,128.724165,2018-02-14,B551450,청도공영사업공사
1,41,경기장 외부 서쪽,30,Sep-11,054-370-8083,35.687293,128.724165,2018-02-14,B551450,청도공영사업공사
1,41,경기장 외부 남쪽,30,Sep-11,054-370-8083,35.687293,128.724165,2018-02-14,B551450,청도공영사업공사
1,41,경기장 내부 북쪽 스탠드,30,Sep-11,054-370-8083,35.687293,128.724165,2018-02-14,B551450,청도공영사업공사
1,41,경기장 외부 동쪽,30,Sep-11,054-370-8083,35.687293,128.724165,2018-02-14,B551450,청도공영사업공사
1,41,1층 2-6 투표소 앞 복도,30,Sep-11,054-370-8083,35.687293,128.724165,2018-02-14,B551450,청도공영사업공사
1,41,1층 방송실 앞 복도,30,Sep-11,054-370-8083,35.687293,128.724165,2018-02-14,B551450,청도공영사업공사
1,41,1층 종합안내실 앞 복도,30,Sep-11,054-370-8083,35.687293,128.724165,2018-02-14,B551450,청도공영사업공사
1,41,1층 2-1 투표소 앞 복도,30,Sep-11,054-370-8083,35.687293,128.724165,2018-02-14,B551450,청도공영사업공사
1,41,1층 2-2 투표소 앞 복도,30,Sep-11,054-370-8083,35.687293,128.724165,2018-02-14,B551450,청도공영사업공사
1,41,1층 2-3 투표소 앞 복도,30,Sep-11,054-370-8083,35.687293,128.724165,2018-02-14,B551450,청도공영사업공사
1,41,1층 2-4 투표소 앞 복도,30,Sep-11,054-370-8083,35.687293,128.724165,2018-02-14,B551450,청도공영사업공사
1,41,1층 2-5 투표소 앞 복도,30,Sep-11,054-370-8083,35.687293,128.724165,2018-02-14,B551450,청도공영사업공사
1,41,지하1층 1-2 투표소 앞 관람석,30,Sep-11,054-370-8083,35.687293,128.724165,2018-02-14,B551450,청도공영사업공사
1,41,지하1층 1-4 투표소 앞 관람석,30,Sep-11,054-370-8083,35.687293,128.724165,2018-02-14,B551450,청도공영사업공사
1,41,지하1층 1-3 투표소 앞 관람석,30,Sep-11,054-370-8083,35.687293,128.724165,2018-02-14,B551450,청도공영사업공사
1,41,경기장 싸움소 진입로(2),30,Sep-11,054-370-8083,35.687293,128.724165,2018-02-14,B551450,청도공영사업공사
1,41,우사동 우주숙소 출입구,30,Sep-11,054-370-8083,35.687293,128.724165,2018-02-14,B551450,청도공영사업공사
1,41,우사동 싸움소 급양시설,30,Sep-11,054-370-8083,35.687293,128.724165,2018-02-14,B551450,청도공영사업공사
1,41,경기장 싸움소 진입로 (1),30,Sep-11,054-370-8083,35.687293,128.724165,2018-02-14,B551450,청도공영사업공사
1,41,경기장 내부 우측 스탠드,30,Sep-11,054-370-8083,35.687293,128.724165,2018-02-14,B551450,청도공영사업공사
1,41,경기장 내부 좌측 스탠드,30,Sep-11,054-370-8083,35.687293,128.724165,2018-02-14,B551450,청도공영사업공사
1,41,옥외 경기장 서쪽 출입구,30,Sep-11,054-370-8083,35.687293,128.724165,2018-02-14,B551450,청도공영사업공사
1,41,옥외 서쪽 화단(주차장),30,Sep-11,054-370-8083,35.687293,128.724165,2018-02-14,B551450,청도공영사업공사
1,41,옥외 우사동 출입구,30,Sep-11,054-370-8083,35.687293,128.724165,2018-02-14,B551450,청도공영사업공사
1,41,옥외 직원 주차장 출입구,30,Sep-11,054-370-8083,35.687293,128.724165,2018-02-14,B551450,청도공영사업공사
1,41,옥외 주 출입구 좌측,30,Sep-11,054-370-8083,35.687293,128.724165,2018-02-14,B551450,청도공영사업공사
1,41,옥외 우사동 뒤편,30,Sep-11,054-370-8083,35.687293,128.724165,2018-02-14,B551450,청도공영사업공사
1,41,옥외 우주숙소 뒤편,30,Sep-11,054-370-8083,35.687293,128.724165,2018-02-14,B551450,청도공영사업공사
1,41,옥외 예시장,30,Sep-11,054-370-8083,35.687293,128.724165,2018-02-14,B551450,청도공영사업공사
1,41,소망관 3층 중앙,30,Sep-11,054-370-7518,35.687293,128.724165,2018-02-14,B551450,청도공영사업공사
1,41,예시장 대기소,30,Sep-11,054-370-7518,35.687293,128.724165,2018-02-14,B551450,청도공영사업공사
1,41,경기장 출입구,30,Sep-11,054-370-7518,35.687293,128.724165,2018-02-14,B551450,청도공영사업공사
1,41,경기장 내부 링안,30,Sep-11,054-370-7518,35.687293,128.724165,2018-02-14,B551450,청도공영사업공사
1,41,지하1층 사무실 계단,30,Sep-11,054-370-8083,35.687293,128.724165,2018-02-14,B551450,청도공영사업공사
1,41,지하1층 사무실 복도(4),30,Sep-11,054-370-8083,35.687293,128.724165,2018-02-14,B551450,청도공영사업공사
